CategoryGER,Keyword,KeywordId,StrCity,Date,Impressions,CategoryGERId
/Sport & Fitness/Sport/Fußball,infruition sport trinkflasche,298905115900,Kirchheim unter Teck,20171212,1,2952
/Sport & Fitness/Sport/Fußball,handball bundesliga spielplan,28208794409,Herrenberg,20170706,2,2952
/Sport & Fitness/Sport/Fußball,fitness training,33323550,Baden-Baden,20170101,1,2952
/Sport & Fitness/Sport/Fußball,kinder kampfsport,5066754979,Aalen,20171203,1,2952
/Sport & Fitness/Sport/Fußball,handball bundesliga spielplan,28208794409,Hockenheim,20170706,1,2952
/Sport & Fitness/Sport/Fußball,handball bundesliga spielplan,28208794409,Stuttgart,20170706,1,2952
/Sport & Fitness/Sport/Fußball,handball bundesliga spielplan,28208794409,Ludwigsburg,20170606,1,2952
/Sport & Fitness/Sport/Fußball,handball bundesliga spielplan,28142285969,Pforzheim,20170910,1,2952
/Sport & Fitness/Sport/Fußball,fussball dummies,20001841140,Ubstadt-Weiher,20170113,1,2952
/Sport & Fitness/Sport/Fußball,handball bundesliga spielplan,986573391,Lahr,20170706,1,2952
/Sport & Fitness/Sport/Fußball,fussball live sport,15439623616,Oberkirch,20170202,1,2952
/Sport & Fitness/Sport/Fußball,fussball turnierplan,3220944409,Karlsruhe,20170612,2,2952
/Sport & Fitness/Sport/Fußball,handball bundesliga spielplan,308771519899,Friedrichshafen,20171129,1,2952
/Sport & Fitness/Sport/Fußball,autogramm fussball,42412252270,Leonberg,20170215,1,2952
/Sport & Fitness/Sport/Fußball,fussball dummies,68475126007,Leonberg,20170103,1,2952
/Sport & Fitness/Sport/Fußball,handball bundesliga spielplan,28142285969,Waldshut-Tiengen,20170909,1,2952
/Sport & Fitness/Sport/Fußball,handball bundesliga spielplan,308771519899,Herrenberg,20170928,1,2952
/Sport & Fitness/Sport/Fußball,fussball bundesliga 2016,137608315461,Wertheim am Main,20170915,1,2952
/Sport & Fitness/Sport/Fußball,handball bundesliga spielplan,28142285969,Eberbach,20170911,1,2952
/Sport & Fitness/Sport/Fußball,fitness meerbusch,322381297099,Stuttgart,20171220,1,2952
/Sport & Fitness/Sport/Fußball,fussball bundesliga 2016,299014728180,Leimen,20171021,1,2952
/Sport & Fitness/Sport/Fußball,handball bundesliga spielplan,28142285969,Karlsdorf-Neuthard,20170912,1,2952
/Sport & Fitness/Sport/Fußball,fussball dummies,68475126007,Karlsruhe,20170102,1,2952
/Sport & Fitness/Sport/Fußball,handball bundesliga spielplan,28208794409,Heilbronn,20170623,2,2952
/Sport & Fitness/Sport/Fußball,kraftsport,328407226964,Teningen,20171226,1,2952
/Sport & Fitness/Sport/Fußball,autogramm fussball,11596100114,Friedrichshafen,20170102,1,2952
/Sport & Fitness/Sport/Fußball,handball bundesliga spielplan,986573391,Lahr,20170713,2,2952
/Sport & Fitness/Sport/Fußball,handball bundesliga spielplan,986573391,Sigmaringen,20170713,1,2952
/Sport & Fitness/Sport/Fußball,biathlon training,46935540,Gottmadingen,20170204,1,2952
/Sport & Fitness/Sport/Fußball,kraft sport,300375870191,Vaihingen an der Enz,20171119,1,2952
/Sport & Fitness/Sport/Fußball,fussball bundesliga 2016,299014728180,Pforzheim,20171106,1,2952
/Sport & Fitness/Sport/Fußball,handball bundesliga spielplan,986573391,Bietigheim-Bissingen,20170713,1,2952
/Sport & Fitness/Sport/Fußball,ballmaschine tennis,41397968217,Ludwigsburg,20170111,1,2952
/Sport & Fitness/Sport/Fußball,handball bundesliga spielplan,28142285969,Fellbach,20170719,1,2952
/Sport & Fitness/Sport/Fußball,fitness schwerte,3326912293,Sankt Georgen im Schwarzwald,20170607,1,2952
/Sport & Fitness/Sport/Fußball,fussball bundesliga 2016,355994190664,Bad Mergentheim,20171029,2,2952
/Sport & Fitness/Sport/Fußball,ballmaschine tennis,676721291,Hardheim,20171228,1,2952
/Sport & Fitness/Sport/Fußball,handball bundesliga spielplan,28142285969,Stuttgart,20170719,1,2952
/Sport & Fitness/Sport/Fußball,fussball bundesliga 2016,299014728180,Deizisau,20171207,1,2952
/Sport & Fitness/Sport/Fußball,kinder fussball training,45507254245,Bad Wurzach,20171202,1,2952
/Sport & Fitness/Sport/Fußball,autogramm fussball,297089028843,Stuttgart,20171011,1,2952
/Sport & Fitness/Sport/Fußball,ballmaschine tennis,676721291,Rastatt,20170912,1,2952
/Sport & Fitness/Sport/Fußball,fitness eidelstedt,77365309758,Neustadt an der Donau,20170127,1,2952
/Sport & Fitness/Sport/Fußball,fussball sticker 2016,353123669447,Kehl,20171128,1,2952
/Sport & Fitness/Sport/Fußball,handball bundesliga spielplan,986573391,Mannheim,20170719,2,2952
/Sport & Fitness/Sport/Fußball,handball bundesliga spielplan,986573391,Pforzheim,20170719,1,2952
/Sport & Fitness/Sport/Fußball,handball bundesliga spielplan,986573391,Unterfohring,20170719,2,2952
/Sport & Fitness/Sport/Fußball,fussball sticker 2016,149668635407,Radolfzell,20171203,1,2952
/Sport & Fitness/Sport/Fußball,fitness musik,1283626585,Ludwigsburg,20170207,1,2952
/Sport & Fitness/Sport/Fußball,fitness training,33323550,Stuttgart,20170405,1,2952
/Sport & Fitness/Sport/Fußball,kinder sport,460219556,Bad Mergentheim,20170115,1,2952
/Sport & Fitness/Sport/Fußball,fitness freiburg,29575032309,Heilbronn,20171224,1,2952
/Sport & Fitness/Sport/Fußball,fussball turnierplan,3220944409,Konstanz,20170622,1,2952
/Sport & Fitness/Sport/Fußball,fussball live sport,15439623616,Oberkochen,20170201,1,2952
/Gesetz & Regierung/Rettungsdienste/Brandbekämpfungsdienste,geburtenverzeichnis deutschland,175244836633,Peiting,20171111,1,2570
/Sport & Fitness/Sport/Fußball,ktm macina sport,62564588220,Berlin,20170105,1,2952
/Sport & Fitness/Sport/Fußball,autogramm fussball,3105246512,Lauda-Konigshofen,20171206,1,2952
/Sport & Fitness/Sport/Fußball,handball bundesliga spielplan,986573391,Mannheim,20170709,1,2952
/Sport & Fitness/Sport/Fußball,nasenschutz sport,24848489626,Stutensee,20170214,1,2952
/Sport & Fitness/Sport/Fußball,fussball live sport,15439623616,Mulfingen,20170115,1,2952
/Sport & Fitness/Sport/Fußball,bilder sportler,299966954522,Stuttgart,20171203,1,2952
/Sport & Fitness/Sport/Fußball,aroha sport,27821331736,Hockenheim,20170827,1,2952
/Sport & Fitness/Sport/Fußball,fitness meerbusch,322381297099,Stuttgart,20171126,2,2952
/Sport & Fitness/Sport/Fußball,biathlon training,46935540,Nagold,20170227,1,2952
/Sport & Fitness/Sport/Fußball,ballmaschine tennis,495503636392,Karlsruhe,20171120,1,2952
/Sport & Fitness/Sport/Fußball,fussball manager 2016,141934168889,Munich,20170802,1,2952
/Sport & Fitness/Sport/Fußball,arena sport 3,53456688617,Heilbronn,20171207,1,2952
/Sport & Fitness/Sport/Fußball,fitness megastore,4823001090,Heilbronn,20171008,1,2952
/Sport & Fitness/Sport/Fußball,handball bundesliga spielplan,986573391,Heilbronn,20170707,1,2952
/Sport & Fitness/Sport/Fußball,aroha sport,27821331736,Weinheim,20170304,1,2952
/Sport & Fitness/Sport/Fußball,handball bundesliga spielplan,28208794409,Mannheim,20170707,1,2952
/Sport & Fitness/Sport/Fußball,fussball manager 2016,143474655191,Friedrichshafen,20171123,1,2952
/Sport & Fitness/Sport/Fußball,autogramm fussball,3105246512,Stuttgart,20171017,1,2952
/Sport & Fitness/Sport/Fußball,handball bundesliga spielplan,28208794409,Bietigheim-Bissingen,20170707,1,2952
/Sport & Fitness/Sport/Fußball,ktm macina sport,62564588220,Teningen,20170205,1,2952
/Sport & Fitness/Sport/Fußball,fussball live sport,296674895260,Parkstein,20171226,1,2952
/Sport & Fitness/Sport/Fußball,life fitness ergometer gebraucht,295821079620,Ubstadt-Weiher,20171012,1,2952
/Sport & Fitness/Sport/Fußball,fussball manager 2016,143474655191,Gottmadingen,20171127,1,2952
/Sport & Fitness/Sport/Fußball,handball bundesliga spielplan,986573391,Balingen,20170716,1,2952
/Sport & Fitness/Sport/Fußball,kinder fussball training,5542592708,Schorndorf,20171128,1,2952
/Sport & Fitness/Sport/Fußball,ktm macina sport,62564588220,Wehr,20170202,1,2952
/Sport & Fitness/Sport/Fußball,handball bundesliga spielplan,986573391,Waiblingen,20170716,1,2952
/Sport & Fitness/Sport/Fußball,decathlon fitness,303661007433,Straubenhardt,20171227,1,2952
/Sport & Fitness/Sport/Fußball,handball bundesliga spielplan,986573391,Winnenden,20170716,1,2952
/Sport & Fitness/Sport/Fußball,fitness crailsheim,3326905153,Bietigheim-Bissingen,20170417,1,2952
/Sport & Fitness/Sport/Fußball,nasenschutz sport,24848489626,Breisach,20170221,1,2952
/Sport & Fitness/Sport/Fußball,kraft sport,816942251,Waiblingen,20170929,1,2952
/Sport & Fitness/Sport/Fußball,fussball live sport,15439623616,Pforzheim,20170201,1,2952
/Sport & Fitness/Sport/Fußball,arena sport live streaming,67717319307,Ravensburg,20170426,1,2952
/Sport & Fitness/Sport/Fußball,ktm macina sport,62564588220,Kirchheim unter Teck,20170220,1,2952
/Sport & Fitness/Sport/Fußball,live russia sport,127792857370,Schwetzingen,20171116,1,2952
/Sport & Fitness/Sport/Fußball,fussball prediction,4703608065,Achern,20170706,1,2952
/Sport & Fitness/Sport/Fußball,kraftsport,328407226964,Mannheim,20171230,3,2952
/Sport & Fitness/Sport/Fußball,fitness singen,22038422,Singen,20171026,1,2952
/Sport & Fitness/Sport/Fußball,ktm macina sport,62564833740,Rastatt,20170217,1,2952
/Sport & Fitness/Sport/Fußball,handball bundesliga spielplan,986573391,Backnang,20170714,1,2952
/Sport & Fitness/Sport/Fußball,kraft sport,2885757744,Schorndorf,20171106,1,2952
/Sport & Fitness/Sport/Fußball,handball bundesliga spielplan,986573391,Mannheim,20170714,1,2952
/Sport & Fitness/Sport/Fußball,arena sport live streaming,67717319307,Stuttgart,20170426,2,2952
/Sport & Fitness/Sport/Fußball,biathlon training,28264523729,Renchen,20170209,1,2952
/Sport & Fitness/Sport/Fußball,biathlon training,46935540,Konstanz,20170302,1,2952
/Sport & Fitness/Sport/Fußball,kinder sport,460219556,Biberach,20170221,1,2952
/Sport & Fitness/Sport/Fußball,crivit sports,22688005068,Mannheim,20170122,1,2952
/Sport & Fitness/Sport/Fußball,handball bundesliga spielplan,28208794409,Ravensburg,20170714,1,2952
/Sport & Fitness/Sport/Fußball,fussball taktikfolie,38010718060,Sindelfingen,20170120,1,2952
/Sport & Fitness/Sport/Fußball,aroha sport,65464793772,Schorndorf,20170126,1,2952
/Sport & Fitness/Sport/Fußball,handball bundesliga spielplan,28142285969,Herrenberg,20170721,1,2952
/Sport & Fitness/Sport/Fußball,kinder sport,318184899042,Herrenberg,20171122,1,2952
/Sport & Fitness/Sport/Fußball,handball bundesliga spielplan,986573391,Pforzheim,20170721,1,2952
/Sport & Fitness/Sport/Fußball,kompressionshose sport,299197576966,Friedrichshafen,20171014,2,2952
/Sport & Fitness/Sport/Fußball,kraftsport,328407226964,Offenburg,20171226,4,2952
/Sport & Fitness/Sport/Fußball,fitness singen,374414403807,Villingen-Schwenningen,20171128,1,2952
/Sport & Fitness/Sport/Fußball,handball bundesliga spielplan,28142285969,Bietigheim-Bissingen,20170729,1,2952
/Sport & Fitness/Sport/Fußball,arena sport live streaming,67717319307,Weinstadt,20170421,2,2952
/Sport & Fitness/Sport/Fußball,crivit sports,17040186558,Offenburg,20170821,1,2952
/Sport & Fitness/Sport/Fußball,fussball turnierplan,50328191385,Stuttgart,20171123,1,2952
/Sport & Fitness/Sport/Fußball,handball bundesliga spielplan,986573391,Aalen,20170708,1,2952
/Sport & Fitness/Sport/Fußball,auto motor sport,357960838967,Villingen-Schwenningen,20171230,1,2952
/Sport & Fitness/Sport/Fußball,handball bundesliga spielplan,986573391,Waiblingen,20170708,1,2952
/Sport & Fitness/Sport/Fußball,nasenschutz sport,24848489626,Rheinstetten,20170220,1,2952
/Sport & Fitness/Sport/Fußball,fussball spardose,4026500902,Alfdorf,20170104,1,2952
/Sport & Fitness/Sport/Fußball,arena sport live streaming,67717319307,Fellbach,20170418,1,2952
/Sport & Fitness/Sportwaren/Golfausrüstung/Golfclubs,fitness musik,80310551,Berlin,20170411,1,2894
/Sport & Fitness/Sport/Fußball,fussball turnierplan,50328191385,Stuttgart,20171109,1,2952
/Sport & Fitness/Sport/Fußball,life fitness ergometer gebraucht,295821079620,Weinheim,20171121,1,2952
/Sport & Fitness/Sport/Fußball,fitness singen,374414403807,Reutlingen,20171128,2,2952
/Sport & Fitness/Sport/Fußball,fussball spardose,4026500902,Stockach,20170119,1,2952
/Sport & Fitness/Sport/Fußball,handball torwarttraining,4213322183,Heddesheim,20170105,1,2952
/Sport & Fitness/Sport/Fußball,fitness training,10719266,Karlsruhe,20171030,1,2952
/Sport & Fitness/Sport/Fußball,fitness wuppertal,7799368540,Sinsheim,20170112,1,2952
/Sport & Fitness/Sport/Fußball,arena sport live streaming,67717319307,Reutlingen,20170418,1,2952
/Sport & Fitness/Sport/Fußball,arena sport live streaming,67717319307,Stuttgart,20170418,1,2952
/Sport & Fitness/Sport/Fußball,crivit sports,17040186558,Markdorf,20170510,1,2952
/Sport & Fitness/Sport/Fußball,fussball turnierplan,3220944409,Gerstetten,20171105,1,2952
/Sport & Fitness/Sport/Fußball,life fitness ergometer gebraucht,295821079620,Vaihingen an der Enz,20171201,2,2952
/Sport & Fitness/Sport/Fußball,fitness wuppertal,323032279,Stuttgart,20170106,1,2952
/Sport & Fitness/Sport/Fußball,fussball live sport,15439623616,Untergruppenbach,20170312,1,2952
/Sport & Fitness/Sport/Fußball,fussball spardose,3275656793,Tuttlingen,20171211,1,2952
/Sport & Fitness/Sport/Fußball,fitness rahlstedt,6073454799,Aalen,20171115,1,2952
/Sport & Fitness/Sport/Fußball,fussball analyse software,13371605128,Pforzheim,20170114,1,2952
/Sport & Fitness/Sport/Fußball,fitness mannheim,350984696,Mannheim,20170207,1,2952
/Sport & Fitness/Sport/Fußball,handball torwarttraining,312253704,Ostfildern,20170215,1,2952
/Sport & Fitness/Sport/Fußball,aroha sport,27821331736,Mannheim,20171023,1,2952
/Sport & Fitness/Sport/Fußball,handball torwarttraining,4213322183,Karlsruhe,20170109,1,2952
/Sport & Fitness/Sport/Fußball,fussball live sport,296674895260,Karlsruhe,20171119,1,2952
/Sport & Fitness/Sport/Fußball,fussball analyse software,13371688918,Leimen,20171125,1,2952
/Sport & Fitness/Sport/Fußball,fitness werbung,398392445,Offenburg,20171210,1,2952
/Sport & Fitness/Sport/Fußball,fitness filderstadt,1439761750,Lahr,20170822,1,2952
/Sport & Fitness/Sport/Fußball,biathlon training,46935540,Mannheim,20170202,1,2952
/Sport & Fitness/Sport/Fußball,fussball turnierplan,3220944409,Hockenheim,20171031,1,2952
/Sport & Fitness/Sport/Fußball,arena sport live streaming,67717319307,Hechingen,20170418,1,2952
/Sport & Fitness/Sport/Fußball,fussball geburtstagsparty,13215682875,Wiesloch,20170911,1,2952
/Sport & Fitness/Sport/Fußball,fussball turnierplan,325781150323,Konstanz,20171028,1,2952
/Sport & Fitness/Sport/Fußball,konditionstraining fussball,4355046155,Bruchsal,20170208,1,2952
/Sport & Fitness/Sport/Fußball,fitness filderstadt,316022391,Filderstadt,20170915,1,2952
/Sport & Fitness/Sport/Fußball,arena sport live streaming,67717319307,Weilheim an der Teck,20170418,1,2952
/Sport & Fitness/Sport/Fußball,aixtra sport online shop,76854861373,Waiblingen,20170209,1,2952
/Sport & Fitness/Sport/Fußball,arena sport live streaming,67717319307,Mannheim,20170121,1,2952
/Sport & Fitness/Sport/Fußball,biathlon training,966796606,Leutkirch im Allgau,20170219,2,2952
/Sport & Fitness/Sport/Fußball,fitness wellness,23222786454,Stuttgart,20170112,1,2952
/Sport & Fitness/Sport/Fußball,fussball trikot ungarn,313754689803,Mannheim,20171202,1,2952
/Sport & Fitness/Sport/Fußball,fitness ludwigshafen,29574957069,Pforzheim,20170128,1,2952
/Sport & Fitness/Sport/Fußball,kraftsport bilder,15604568221,Radolfzell,20170412,1,2952
/Sport & Fitness/Sport/Fußball,abschlussfahrten fussball,55556768161,Stuttgart,20170111,1,2952
/Sport & Fitness/Sport/Fußball,fitness filderstadt,1439761750,Karlsruhe,20170914,1,2952
/Sport & Fitness/Sport/Fußball,fussball turnierplan,325781150323,Stuttgart,20171112,1,2952
/Sport & Fitness/Sport/Fußball,biathlon training,966770986,Baden-Baden,20170115,2,2952
/Sport & Fitness/Sport/Fußball,konditionstraining fussball,4355046155,Brackenheim,20170208,1,2952
/Sport & Fitness/Sport/Fußball,fussball live sport,15439623616,Stuttgart,20170130,2,2952
/Sport & Fitness/Sport/Fußball,arena sport live streaming,67717319307,Schramberg,20170214,1,2952
/Sport & Fitness/Sport/Fußball,alpas sport,35449832717,Nuremberg,20170116,1,2952
/Sport & Fitness/Sport/Fußball,arena sport live streaming,67717319307,Baden-Baden,20170115,1,2952
/Sport & Fitness/Sport/Fußball,kraftsport bilder,15604568221,Bad Rappenau,20171123,1,2952
/Sport & Fitness/Sport/Fußball,crivit sports,19209310792,Renchen,20171229,1,2952
/Sport & Fitness/Sport/Fußball,fitness wiesbaden nordenstadt,10448814152,Eberhardzell,20170131,1,2952
/Sport & Fitness/Sport/Fußball,fitness magazin,143339277,Bad Rappenau,20170101,1,2952
/Sport & Fitness/Sport/Fußball,inter sport shop,504450812312,Titisee-Neustadt,20171028,1,2952
/Sport & Fitness/Sport/Fußball,crivit sports,19209310792,Tuttlingen,20170914,1,2952
/Sport & Fitness/Sport/Fußball,konditionstraining fussball,14678687635,Stuttgart,20170808,1,2952
/Sport & Fitness/Sport/Fußball,decathlon fitness,303661007433,Karlsruhe,20171106,1,2952
/Sport & Fitness/Sport/Fußball,hansson sport trainhard hantelbank,355692828402,Bad Krozingen,20171112,1,2952
/Sport & Fitness/Sport/Fußball,basketball trainerschein,158691348784,Konstanz,20170622,1,2952
/Sport & Fitness/Sport/Fußball,crivit sports,19209310792,Waldshut-Tiengen,20170914,1,2952
/Sport & Fitness/Sport/Fußball,fussball 2016,84426930024,Reutlingen,20170107,1,2952
/Sport & Fitness/Sport/Fußball,bodybuilding,3114779369,Heilbronn,20170430,1,2952
/Sport & Fitness/Sport/Fußball,inter sport shop,504450812312,Furstenfeldbruck,20171203,1,2952
/Sport & Fitness/Sport/Fußball,konditionstraining fussball,3114877549,Kusterdingen,20170827,1,2952
/Sport & Fitness/Sport/Fußball,nasenschutz sport,5615517949,Balingen,20171030,1,2952
/Sport & Fitness/Sport/Fußball,fitness boxen hamburg,24524147743,Konstanz,20170118,1,2952
/Sport & Fitness/Sport/Fußball,crivit sports,22688005068,Riedlingen,20170910,1,2952
/Sport & Fitness/Sport/Fußball,fitness duisburg,29575039269,Schwanau,20170120,1,2952
/Sport & Fitness/Sport/Fußball,fitness delmenhorst preise,138143720174,Schwaigern,20170323,1,2952
/Sport & Fitness/Sport/Fußball,arena sport live streaming,67717319307,Balingen,20170119,1,2952
/Sport & Fitness/Sport/Fußball,bodybuilding,3114779369,Ludwigsburg,20170423,1,2952
/Sport & Fitness/Sport/Fußball,fussball 2016,89151299317,Bad Friedrichshall,20171017,2,2952
/Sport & Fitness/Sport/Fußball,fussball training,30374983,Villingen-Schwenningen,20170123,1,2952
/Sport & Fitness/Sport/Fußball,fanartikel basketball,2499013221,Ostfildern,20171203,1,2952
/Sport & Fitness/Sport/Fußball,fanartikel basketball,2499013221,Mannheim,20171208,1,2952
/Sport & Fitness/Sport/Fußball,fitness ludwigshafen,1369994286,Stuttgart,20171031,1,2952
/Sport & Fitness/Sport/Fußball,fitness musik,1283626585,Stuttgart,20170104,1,2952
/Sport & Fitness/Sport/Fußball,fitness park offenburg,25788832300,Stutensee,20170220,1,2952
/Sport & Fitness/Sport/Fußball,bodybuilding,10516730,Stuttgart,20170416,1,2952
/Sport & Fitness/Sport/Fußball,arena sport live streaming,67717319307,Filderstadt,20170503,1,2952
/Sport & Fitness/Sport/Fußball,fussball training,30374983,Karlsruhe,20170127,1,2952
/Sport & Fitness/Sport/Fußball,hansson sport trainhard hantelbank,301862669180,Herrenberg,20171202,1,2952
/Sport & Fitness/Sport/Fußball,fussball live sport,15439623616,Reutlingen,20170306,1,2952
/Sport & Fitness/Sport/Fußball,arena sport live streaming,67717319307,Munich,20170503,1,2952
/Sport & Fitness/Sport/Fußball,alpas sport,3230460773,Heidelberg,20170723,1,2952
/Sport & Fitness/Sport/Fußball,fitness software,15365810,Friedrichshafen,20171212,1,2952
/Sport & Fitness/Sport/Fußball,fitness express clubs,182507558671,Friedrichshafen,20171213,1,2952
/Sport & Fitness/Sport/Fußball,decathlon fitness,303661007433,Bad Wurzach,20171104,1,2952
/Sport & Fitness/Sport/Fußball,handball spielfeld,41975389895,Fellbach,20171120,1,2952
/Sport & Fitness/Sport/Fußball,fitness delmenhorst preise,138143720174,Singen,20170827,1,2952
/Sport & Fitness/Sport/Fußball,fussball turnierplan,50328191385,Offenburg,20171127,1,2952
/Sport & Fitness/Sport/Fußball,frisbee sport,297769804742,Leutkirch im Allgau,20171101,1,2952
/Sport & Fitness/Sport/Fußball,aixtra sport online shop,85099604661,Aalen,20171125,1,2952
/Sport & Fitness/Sport/Fußball,fussball spielball test,49385479910,Ettlingen,20170917,1,2952
/Sport & Fitness/Sport/Fußball,geldern fitness,98856556642,Achern,20170120,1,2952
/Sport & Fitness/Sport/Fußball,fitness walldorf,11832346358,Stuttgart,20171202,1,2952
/Sport & Fitness/Sport/Fußball,fussball equipment,896569909,Straubenhardt,20171109,1,2952
/Sport & Fitness/Sport/Fußball,arena sport live streaming,67717319307,Heilbronn,20170501,1,2952
/Sport & Fitness/Sport/Fußball,fitness musik,1283626585,Wiesloch,20170104,1,2952
/Sport & Fitness/Sport/Fußball,crivit sports,17040186558,Bruchsal,20170930,1,2952
/Sport & Fitness/Sport/Fußball,fussball turnierplaner,358318955452,Schopfheim,20171021,1,2952
/Sport & Fitness/Sport/Fußball,fitness park offenburg,1449032230,Offenburg,20170507,1,2952
/Sport & Fitness/Sport/Fußball,konditionstraining fussball,300673462485,Heidelberg,20171124,3,2952
/Sport & Fitness/Sport/Fußball,fitness duisburg,478989806,Ilsfeld,20171120,1,2952
/Sport & Fitness/Sport/Fußball,bodybuilding,24243221,Heidelberg,20170119,1,2952
/Sport & Fitness/Sport/Fußball,frisbee sport,297627753353,Heilbronn,20171121,2,2952
/Kunst und Unterhaltung/Filme und Filme/Film Noir,hirschbrunft video,64339211514,Muhldorf,20170224,1,180
/Sport & Fitness/Sport/Fußball,fussball turnierplaner,358318955452,Ludwigsburg,20171027,1,2952
/Sport & Fitness/Sport/Fußball,fussball turnierplan,3220944409,Philippsburg,20171125,1,2952
/Sport & Fitness/Sport/Fußball,fussbal training,3326409293,Burladingen,20171116,1,2952
/Sport & Fitness/Sport/Fußball,arena sport live streaming,67717319307,Villingen-Schwenningen,20170825,1,2952
/Sport & Fitness/Sport/Fußball,crivit sports,19209310792,Sinsheim,20171023,1,2952
/Sport & Fitness/Sport/Fußball,fitness software,308921368296,Deggendorf,20171101,1,2952
/Sport & Fitness/Sport/Fußball,fitness delmenhorst preise,168404420651,Konstanz,20171217,1,2952
/Sport & Fitness/Sport/Fußball,fanbekleidung fussball,173919955205,Dettenheim,20171029,1,2952
/Sport & Fitness/Sport/Fußball,fussball meisterschale,354358449029,Oberkirch,20171105,1,2952
/Sport & Fitness/Sport/Fußball,frisbee sport,297627753353,Markdorf,20171121,1,2952
/Sport & Fitness/Sport/Fußball,biathlon training,299454432920,Stuttgart,20171012,1,2952
/Kunst und Unterhaltung/Comics und Graphic Novels,gudereit fantasy,353720416969,Berlin,20171123,1,122
/Sport & Fitness/Sport/Fußball,indoor soccer ball,15360060,Teningen,20171115,1,2952
/Sport & Fitness/Sport/Fußball,handball unterrichtsentwurf,356012182715,Balingen,20171217,2,2952
/Sport & Fitness/Sport/Fußball,indoor soccer ball,15360060,Eppelheim,20171227,1,2952
/Sport & Fitness/Sport/Fußball,fussball rangliste welt,324098856145,Teningen,20171201,1,2952
/Sport & Fitness/Sport/Fußball,fitness goeppingen,3118787089,Kirchheim unter Teck,20170109,1,2952
/Sport & Fitness/Sport/Fußball,bodybuilding,3114779369,Ludwigsburg,20170415,1,2952
/Sport & Fitness/Sport/Fußball,berufe mit fitness,55780177492,Rehau,20170825,1,2952
/Sport & Fitness/Sport/Fußball,fitness software,21980483930,Haslach im Kinzigtal,20171004,1,2952
/Sport & Fitness/Sport/Fußball,handball unterrichtsentwurf,165646161194,Geisingen,20171126,1,2952
/Sport & Fitness/Sport/Fußball,armbrust sport,666099975,Stuttgart,20170202,1,2952
/Sport & Fitness/Sport/Fußball,fussball statistik,299640222459,Rottweil,20171208,1,2952
/Sport & Fitness/Sport/Fußball,feroti sport,307756316064,Karlsruhe,20171028,1,2952
/Sport & Fitness/Sport/Fußball,fussball trainingsmaterial shop,57425227772,Isny im Allgau,20170427,1,2952
/Sport & Fitness/Sport/Fußball,frisbee sport,297627753353,Sachsenheim,20171121,1,2952
/Sport & Fitness/Sport/Fußball,fitness magazin,156790617,Bietigheim-Bissingen,20171227,1,2952
/Sport & Fitness/Sport/Fußball,bodybuilding,3114779369,Mosbach,20170129,1,2952
/Sport & Fitness/Sport/Fußball,fussball turnierplan,3220944409,Leutkirch im Allgau,20171019,1,2952
/Sport & Fitness/Sport/Fußball,fussball vorhersage,20279768784,Karlsruhe,20170221,1,2952
/Sport & Fitness/Sport/Fußball,fussball vorhersage,14485647802,Berlin,20170108,1,2952
/Sport & Fitness/Sport/Fußball,fussball vorhersage,656001913,Bietigheim-Bissingen,20171018,1,2952
/Sport & Fitness/Sport/Fußball,handball markt,15308408260,Stuttgart,20170110,1,2952
/Sport & Fitness/Sport/Fußball,fitness delmenhorst preise,138143720174,Riedlingen,20170924,1,2952
/Sport & Fitness/Sport/Fußball,fussball vorhersage,656001913,Aalen,20171104,1,2952
/Sport & Fitness/Sport/Fußball,fussball vorhersage,656001913,Stutensee,20171122,1,2952
/Sport & Fitness/Sport/Fußball,handball markt,303680705673,Waldkirch,20171023,2,2952
/Sport & Fitness/Sport/Fußball,fussball vorhersage,20279768784,Schorndorf,20171115,1,2952
/Sport & Fitness/Sport/Fußball,handball markt,303680705673,Furth,20171023,1,2952
/Sport & Fitness/Sport/Fußball,handball markt,411227693,Besigheim,20171018,1,2952
/Sport & Fitness/Sport/Fußball,fussball vorhersage,14485647802,Stuttgart,20171129,1,2952
/Sport & Fitness/Sport/Fußball,handball markt,303680705673,Balingen,20171025,2,2952
/Sport & Fitness/Sport/Fußball,fitness tracker bluetooth,73079833955,Olching,20170116,1,2952
/Sport & Fitness/Sport/Fußball,handball markt,303680705673,Mannheim,20171025,2,2952
/Sport & Fitness/Sport/Fußball,handball markt,303680705673,Hoppegarten,20171106,1,2952
/Sport & Fitness/Sport/Fußball,handball markt,303680705673,Stuttgart,20171031,5,2952
/Sport & Fitness/Sport/Fußball,handball markt,303680705673,Lahr,20171030,1,2952
/Sport & Fitness/Sport/Fußball,handball markt,303680705673,Mannheim,20171030,5,2952
/Sport & Fitness/Sport/Fußball,handball markt,303680705673,Schorndorf,20171030,1,2952
/Sport & Fitness/Sport/Fußball,kinder sport,21668824630,Offenburg,20171112,1,2952
/Sport & Fitness/Sport/Fußball,bodybuilding,12617211,Furtwangen,20170127,1,2952
/Sport & Fitness/Sport/Fußball,handball markt,303680705673,Mosbach,20171029,3,2952
/Sport & Fitness/Sport/Fußball,handball markt,303680705673,Titisee-Neustadt,20171029,1,2952
/Sport & Fitness/Sport/Fußball,handball markt,303680705673,Stuttgart,20171028,15,2952
/Sport & Fitness/Sport/Fußball,handball markt,303680705673,Wangen im Allgau,20171028,1,2952
/Sport & Fitness/Sport/Fußball,handball markt,303680705673,Lam,20171028,7,2952
/Sport & Fitness/Sport/Fußball,alpas sport,12390290599,Sindelfingen,20171130,1,2952
/Sport & Fitness/Sport/Fußball,handball markt,35391068717,Sindelfingen,20171204,1,2952
/Sport & Fitness/Sport/Fußball,handball markt,303680705673,Wurzburg,20171107,2,2952
/Sport & Fitness/Sport/Fußball,handball markt,411227693,Leutkirch im Allgau,20170923,1,2952
/Sport & Fitness/Sport/Fußball,handball markt,303680705673,Stuttgart,20171026,3,2952
/Sport & Fitness/Sport/Fußball,handball markt,303680705673,Heilbronn,20171024,1,2952
/Sport & Fitness/Sport/Fußball,handball markt,303680705673,Kirchheim unter Teck,20171024,3,2952
/Sport & Fitness/Sport/Fußball,handball markt,303680705673,Oberkirch,20171024,1,2952
/Sport & Fitness/Sport/Fußball,handball markt,303680705673,Pforzheim,20171024,4,2952
/Sport & Fitness/Sport/Fußball,handball markt,303680705673,Stuttgart,20171024,4,2952
/Sport & Fitness/Sport/Fußball,fitness musik,80310551,Bretten,20171231,1,2952
/Sport & Fitness/Sport/Fußball,fitness markt schwaben,62060863986,Sinsheim,20170107,1,2952
/Sport & Fitness/Sport/Fußball,geldern fitness,98856556642,Hechingen,20170118,1,2952
/Sport & Fitness/Sport/Fußball,crivit sports,19209310792,Biberach,20171030,1,2952
/Sport & Fitness/Sport/Fußball,fitness goeppingen,3118787089,Wurzburg,20170203,1,2952
/Sport & Fitness/Sport/Fußball,fussball trainingsmaterial shop,64711827131,Winnenden,20170716,1,2952
/Sport & Fitness/Sport/Fußball,boxsport athletic,28559182986,Crailsheim,20171127,1,2952
/Sport & Fitness/Sport/Fußball,fussball online training,11289327248,Stuttgart,20171121,1,2952
/Sport & Fitness/Sport/Fußball,handball training,312250194,Schwetzingen,20170209,1,2952
/Sport & Fitness/Sport/Fußball,fitness markt schwaben,62060863986,Waldkirch,20170222,1,2952
/Sport & Fitness/Sport/Fußball,kinder sport,318184899042,Leimen,20171227,1,2952
/Sport & Fitness/Sport/Fußball,fitness pfullingen,61808064616,Pfullingen,20170822,1,2952
/Sport & Fitness/Sport/Fußball,motor sport total,14209620605,Backnang,20170403,1,2952
/Sport & Fitness/Sport/Fußball,geldern fitness,98856556642,Neckarsulm,20171030,1,2952
/Sport & Fitness/Sport/Fußball,meistershirts handball,59061646498,Ravensburg,20170508,1,2952
/Sport & Fitness/Sport/Fußball,biathlon training,966796606,Leonberg,20171111,1,2952
/Sport & Fitness/Sport/Fußball,fussball training,30374983,Rottweil,20171016,1,2952
/Sport & Fitness/Sport/Fußball,fussball live sport,13838600375,Stuttgart,20170217,1,2952
/Sport & Fitness/Sport/Fußball,handball training,312250194,Ettlingen,20170208,1,2952
/Sport & Fitness/Sport/Fußball,handball jugendtraining,80376434313,Balingen,20170112,1,2952
/Sport & Fitness/Sport/Fußball,fussball live sport,15439623616,Stuttgart,20170320,1,2952
/Gesundheit/Gesundheitsbedingungen & Bedenken/Atmungsbedingungen/Chronisch obstruktive Lungenerkrankung (COPD),kirrung schwarzwild,299207459226,Bad Worishofen,20171204,1,1867
/Sport & Fitness/Sport/Fußball,fitness erftstadt,328891270276,Blumberg,20171127,1,2952
/Sport & Fitness/Sport/Fußball,crivit sports,19209310792,Singen,20171118,1,2952
/Sport & Fitness/Sport/Fußball,handball jugendtraining,78791219547,Winnenden,20171011,1,2952
/Sport & Fitness/Sport/Fußball,fussball online training,11289327248,Stuttgart,20171120,1,2952
/Sport & Fitness/Sport/Fußball,erhardt sport,2043047069,Singen,20171121,1,2952
/Sport & Fitness/Sport/Fußball,motor sport total,355951626875,Aalen,20171103,1,2952
/Sport & Fitness/Sport/Fußball,handball training,312250194,Stuttgart,20170203,1,2952
/Sport & Fitness/Sport/Fußball,fitness herford,848003529,Mannheim,20171125,1,2952
/Sport & Fitness/Sport/Fußball,crivit sports,17040186558,Konstanz,20171112,1,2952
/Sport & Fitness/Sport/Fußball,fitness musik,80310551,Calw,20171009,1,2952
/Sport & Fitness/Sport/Fußball,fussball live sport,15439623616,Rastatt,20170319,1,2952
/Sport & Fitness/Sport/Fußball,armbrust sport,666099975,Mannheim,20171205,1,2952
/Sport & Fitness/Sport/Fußball,kartenspiel fussball,12826603191,Stuttgart,20171106,1,2952
/Sport & Fitness/Sport/Fußball,bodybuilding,12617211,Bad Friedrichshall,20170829,1,2952
/Sport & Fitness/Sport/Fußball,fussball live sport,15439623616,Forst,20170319,1,2952
/Sport & Fitness/Sport/Fußball,kartenspiel fussball,354584284287,Munich,20171128,1,2952
/Sport & Fitness/Sport/Fußball,handball training,312250194,Schorndorf,20170131,1,2952
/Sport & Fitness/Sport/Fußball,fitness unterhaching,303595842671,Stuttgart,20171210,3,2952
/Sport & Fitness/Sport/Fußball,fitness bayreuth,1826431097,Konstanz,20170112,1,2952
/Sport & Fitness/Sport/Fußball,fitness gewichte,22807372780,Karlsruhe,20170212,1,2952
/Sport & Fitness/Sport/Fußball,lacrosse sport,378649491047,Stuttgart,20171217,1,2952
/Sport & Fitness/Sport/Fußball,fussball live sport,15439623616,Heidelberg,20170402,1,2952
/Sport & Fitness/Sport/Fußball,fitness unterhaching,303595842671,Villingen-Schwenningen,20171210,1,2952
/Sport & Fitness/Sport/Fußball,cardio fitness essen,21716803209,Kirchheim unter Teck,20170124,1,2952
/Sport & Fitness/Sport/Fußball,blechschild fussball,377934621114,Dettenheim,20171231,1,2952
/Sport & Fitness/Sport/Fußball,fitness gewichte,295797515009,Walldorf,20171231,1,2952
/Sport & Fitness/Sport/Fußball,fussball manager spiele,2650293999,Backnang,20171227,1,2952
/Sport & Fitness/Sport/Fußball,bilder sportler,901663622,Nagold,20170429,1,2952
/Sport & Fitness/Sport/Fußball,fussball manager spiele,2650293999,Kirchheim unter Teck,20171226,1,2952
/Sport & Fitness/Sport/Fußball,fitness musik,80310551,Mannheim,20171121,1,2952
/Sport & Fitness/Sport/Fußball,handball training,312250194,Stuttgart,20170207,2,2952
/Sport & Fitness/Sport/Fußball,kinder sport,21668824630,Pforzheim,20171223,2,2952
/Sport & Fitness/Sport/Fußball,fitness frechen,671414302,Mosbach,20170425,1,2952
/Sport & Fitness/Sport/Fußball,fahrrad radsport,108647499,Markdorf,20170425,1,2952
/Sport & Fitness/Sport/Fußball,kinder sport,21668824630,Heilbronn,20170923,1,2952
/Sport & Fitness/Sport/Fußball,fitness gewichte,365050229717,Furth im Wald,20171230,1,2952
/Sport & Fitness/Sport/Fußball,fussball live sport,15439623616,Heilbronn,20170204,2,2952
/Sport & Fitness/Sport/Fußball,fitness club bonn,2685485624,Remseck,20171126,1,2952
/Sport & Fitness/Sport/Fußball,football bekleidung,253471130,Karlsruhe,20170115,1,2952
/Sport & Fitness/Sport/Fußball,crivit sports,19209310792,Ostrach,20171024,2,2952
/Sport & Fitness/Sport/Fußball,fahrrad radsport,108647499,Sinsheim,20170113,1,2952
/Sport & Fitness/Sport/Fußball,football bekleidung,10043640977,Besigheim,20170220,1,2952
/Sport & Fitness/Sport/Fußball,blechschild fussball,492172451032,Karlsbad,20171125,1,2952
/Sport & Fitness/Sport/Fußball,fussball manager spiele,327774416,Stuttgart,20171103,2,2952
/Sport & Fitness/Sport/Fußball,fitness gewichte,295797515009,Offenburg,20171230,1,2952
/Sport & Fitness/Sport/Fußball,fussball training,30374983,Karlsbad,20171117,1,2952
/Sport & Fitness/Sport/Fußball,kampfsport gummersbach,50394672666,Stuttgart,20170209,1,2952
/Sport & Fitness/Sport/Fußball,football bekleidung,32222814582,Dettelbach,20170220,1,2952
/Sport & Fitness/Sport/Fußball,bodybuilding,24243221,Heilbronn,20171119,1,2952
/Sport & Fitness/Sport/Fußball,kinder sport,295481750550,Stuttgart,20171216,2,2952
/Sport & Fitness/Sport/Fußball,dortmund schalke sport,359255573425,Lahr,20171106,1,2952
/Sport & Fitness/Sport/Fußball,fahrrad radsport,108647499,Bietigheim,20170205,1,2952
/Sport & Fitness/Sport/Fußball,fussball training,392915708,Mannheim,20171117,1,2952
/Sport & Fitness/Sport/Fußball,fitness landshut preise,198277178418,Karlsruhe,20170102,1,2952
/Sport & Fitness/Sport/Fußball,bodybuilding,24243221,Heilbronn,20171130,1,2952
/Sport & Fitness/Sport/Fußball,football bekleidung,253471130,Rheinfelden,20170811,1,2952
/Sport & Fitness/Sport/Fußball,lacrosse sport,301360678316,Ludwigsburg,20171130,1,2952
/Sport & Fitness/Sport/Fußball,handball training,312250194,Konstanz,20170828,1,2952
/Sport & Fitness/Sport/Fußball,bodybuilder bekleidung,29294155789,Sindelfingen,20170102,1,2952
/Sport & Fitness/Sport/Fußball,fitness ludwigsburg,425452850,Stuttgart,20170108,1,2952
/Sport & Fitness/Sport/Fußball,fussball turnierplan,60611759616,Forchheim,20170125,1,2952
/Sport & Fitness/Sport/Fußball,bilder sportler,71133804481,Laupheim,20170128,1,2952
/Sport & Fitness/Sport/Fußball,ballhose tennis,21690335887,Konstanz,20170615,1,2952
/Sport & Fitness/Sport/Fußball,fitness musik,80310551,Dornstadt,20171119,1,2952
/Sport & Fitness/Sport/Fußball,kompressionsbekleidung sport,23968617689,Hockenheim,20170819,1,2952
/Sport & Fitness/Sport/Fußball,fussball live sport,15439623616,Eningen,20170828,1,2952
/Sport & Fitness/Sport/Fußball,fussball turnierplan,56596288900,Berlin,20170124,1,2952
/Sport & Fitness/Sport/Fußball,fitness gewichte,295797515009,Schopfheim,20171226,2,2952
/Sport & Fitness/Sport/Fußball,fussball spiel online,1941261732,Offenburg,20171214,1,2952
/Sport & Fitness/Sport/Fußball,fahrrad radsport,108647499,Lahr,20170223,1,2952
/Sport & Fitness/Sport/Fußball,bodybuilding,12617211,Karlsruhe,20171208,1,2952
/Sport & Fitness/Sport/Fußball,fitness bootcamp deutschland,24534008503,Friedrichshafen,20170116,1,2952
/Sport & Fitness/Sport/Fußball,fitness ludwigsburg,137291510,Ludwigsburg,20171227,1,2952
/Sport & Fitness/Sport/Fußball,kraftsport hamburg,65460291163,Furtwangen,20170815,1,2952
/Sport & Fitness/Sport/Fußball,kinder sport,300352961,Heidelberg,20171211,1,2952
/Sport & Fitness/Sport/Fußball,auto fussball,13917400624,Tuttlingen,20170129,1,2952
/Sport & Fitness/Sport/Fußball,bilder sportler,71133804481,Karlsruhe,20170123,1,2952
/Sport & Fitness/Sport/Fußball,fussball spiel online,1941261732,Hechingen,20171214,1,2952
/Sport & Fitness/Sport/Fußball,kinder sport,21668824630,Munich,20171117,1,2952
/Sport & Fitness/Sport/Fußball,fitness studio weilheim,12052903097,Eggenstein-Leopoldshafen,20171227,1,2952
/Sport & Fitness/Sport/Fußball,bodybuilder bekleidung,29294155789,Stuttgart,20170124,1,2952
/Sport & Fitness/Sport/Fußball,fussball training,30374983,Rottweil,20171112,1,2952
/Sport & Fitness/Sport/Fußball,kraftsport hamburg,434977937,Fellbach,20170508,1,2952
/Sport & Fitness/Sport/Fußball,fussball turnierplan,50328191385,Filderstadt,20170206,1,2952
/Sport & Fitness/Sport/Fußball,fussball spiel online,1941261732,Heilbronn,20171103,1,2952
/Sport & Fitness/Sport/Fußball,fahrrad radsport,108647499,Ditzingen,20170306,1,2952
/Sport & Fitness/Sport/Fußball,kompressionsbekleidung sport,21537947212,Herbrechtingen,20170517,1,2952
/Sport & Fitness/Sport/Fußball,fitness chemnitz,4987216388,Ludwigsburg,20170823,1,2952
/Sport & Fitness/Sport/Fußball,fitness bootcamp deutschland,24534008503,Bad Friedrichshall,20170203,1,2952
/Sport & Fitness/Sport/Fußball,crivit sports,19209310792,Winnenden,20170108,1,2952
/Sport & Fitness/Sport/Fußball,fussball turnierplan,56596288900,Neckarsulm,20170206,1,2952
/Sport & Fitness/Sport/Fußball,kraftsport hamburg,65460291163,Sindelfingen,20171019,1,2952
/Sport & Fitness/Sport/Fußball,fussball manager spiele,2650293999,Aitrach,20171204,1,2952
/Sport & Fitness/Sport/Fußball,fussball training,392915708,Korntal-Munchingen,20171206,1,2952
/Sport & Fitness/Sport/Fußball,fussball turnierplan,3220944409,Heilbronn,20170315,1,2952
/Sport & Fitness/Sport/Fußball,crivit sports,19209310792,Alzenau,20170108,1,2952
/Sport & Fitness/Sport/Fußball,fitness chemnitz,307496247269,Wiesloch,20171031,1,2952
/Sport & Fitness/Sport/Fußball,fahrrad radsport,108647499,Holzgerlingen,20170318,1,2952
/Sport & Fitness/Sport/Fußball,fitness gewichte,295797515009,Eppelheim,20171220,1,2952
/Sport & Fitness/Sport/Fußball,fussball manager spiele,1291466467,Coburg,20171130,1,2952
/Sport & Fitness/Sport/Fußball,knieschoner fussball kinder,66701469623,Sigmaringen,20170430,1,2952
/Sport & Fitness/Sport/Fußball,kinder sport,295481750550,Mosbach,20171211,1,2952
/Sport & Fitness/Sport/Fußball,fitness studio weilheim,352543307026,Villingen-Schwenningen,20171130,1,2952
/Sport & Fitness/Sport/Fußball,fussball tights,299619990199,Bietigheim-Bissingen,20171129,1,2952
/Sport & Fitness/Sport/Fußball,fitness chemnitz,29575048629,Regensburg,20171117,2,2952
/Sport & Fitness/Sport/Fußball,fussball turnierplan,56596288900,Ludwigsburg,20170218,1,2952
/Sport & Fitness/Sport/Fußball,misfit fitness,489460718352,Stuttgart,20171128,1,2952
/Sport & Fitness/Sport/Fußball,fitness tracker wasserdicht,81118066883,Isny im Allgau,20171117,1,2952
/Sport & Fitness/Sport/Fußball,gymnastik trampolin,329827248644,Laupheim,20171222,1,2952
/Sport & Fitness/Sport/Fußball,fitness gewichte,295797515009,Mannheim,20171212,1,2952
/Sport & Fitness/Sport/Fußball,fahrrad radsport,108647499,Stutensee,20171009,1,2952
/Sport & Fitness/Sport/Fußball,bike sport fahrrad,20226969554,Hallstadt,20170811,1,2952
/Sport & Fitness/Sport/Fußball,mannschaftsoutfit tennis,66189119342,Albstadt,20171101,1,2952
/Sport & Fitness/Sport/Fußball,erding fitness,38224526927,Reutlingen,20170925,1,2952
/Sport & Fitness/Sport/Fußball,fussball turnierplan,3220944409,Schopfheim,20170310,2,2952
/Sport & Fitness/Sport/Fußball,handball unterziehhose,62913958966,Weil am Rhein,20170108,1,2952
/Sport & Fitness/Sport/Fußball,handball unterziehhose,65415226243,Crailsheim,20170222,1,2952
/Sport & Fitness/Sport/Fußball,fitness ausstattung,494475608,Teningen,20171215,1,2952
/Sport & Fitness/Sport/Fußball,kraftsport shop,167768718,Alfdorf,20170116,1,2952
/Sport & Fitness/Sport/Fußball,handball training,312250194,Balingen,20171106,1,2952
/Sport & Fitness/Sport/Fußball,bodybuilder bekleidung,299870596214,Wangen im Allgau,20171228,1,2952
/Sport & Fitness/Sport/Fußball,fitness musik,341917348,Pfullendorf,20171115,1,2952
/Sport & Fitness/Sport/Fußball,bilder sportler,71133804481,Burladingen,20170202,1,2952
/Sport & Fitness/Sport/Fußball,fussball training,392915708,Stuttgart,20171127,2,2952
/Sport & Fitness/Sport/Fußball,bogen sport welt,43916209694,Achern,20170108,1,2952
/Sport & Fitness/Sport/Fußball,fitness tracker wasserdicht,94615475553,Mannheim,20171117,1,2952
/Sport & Fitness/Sport/Fußball,bodybuilding kleidung,24435280305,Zirndorf,20170128,1,2952
/Sport & Fitness/Sport/Fußball,gymnastik bilder,315841659738,Stuttgart,20171121,2,2952
/Sport & Fitness/Sport/Fußball,fitness ausstattung,494475608,Filderstadt,20171003,1,2952
/Sport & Fitness/Sport/Fußball,crivit sports,19209310792,Heilbronn,20170104,1,2952
/Sport & Fitness/Sport/Fußball,bogen sport welt,36892561493,Dettingen an der Erms,20170105,1,2952
/Sport & Fitness/Sport/Fußball,bilder sportler,71133804481,Wiesloch,20170202,1,2952
/Sport & Fitness/Sport/Fußball,fussball live sport,15439623616,Freiburg,20170110,2,2952
/Sport & Fitness/Sport/Fußball,fitness programm,47467111434,Rottweil,20170123,1,2952
/Sport & Fitness/Sport/Fußball,fitness studio durlach,180818709200,Karlsruhe,20170813,1,2952
/Sport & Fitness/Sport/Fußball,bodybuilder bekleidung,299870596214,Untergruppenbach,20171227,3,2952
/Sport & Fitness/Sport/Fußball,galileo fitness vibrationsplatte,11300841489,Fellbach,20170127,1,2952
/Sport & Fitness/Sport/Fußball,kinder sport,300352961,Kandern,20171210,1,2952
/Sport & Fitness/Sport/Fußball,colosseum fitness frankfurt preise,68338805206,Friedrichshafen,20171225,1,2952
/Sport & Fitness/Sport/Fußball,bilder sportler,71133804481,Kaufbeuren,20170214,1,2952
/Sport & Fitness/Sport/Fußball,fitness ausstattung,13427981968,Regensburg,20170925,1,2952
/Sport & Fitness/Sport/Fußball,crivit sports,16635810672,Malsch,20170103,1,2952
/Sport & Fitness/Sport/Fußball,fussball live sport,296674895260,Mannheim,20171225,2,2952
/Sport & Fitness/Sport/Fußball,fitness tracker wasserdicht,94615475553,Waldbronn,20171206,1,2952
/Sport & Fitness/Sport/Fußball,bogen sport welt,32111918957,Heidelberg,20171103,1,2952
/Sport & Fitness/Sport/Fußball,fussball turnierplan,3220944409,Geislingen,20170307,1,2952
/Sport & Fitness/Sport/Fußball,handball training,35433824237,Ditzingen,20171117,1,2952
/Sport & Fitness/Sport/Fußball,fussball kaufen,28209044397,Stuttgart,20170120,2,2952
/Sport & Fitness/Sport/Fußball,fitness club,10414980,Waakirchen,20170822,1,2952
/Sport & Fitness/Sport/Fußball,colosseum fitness frankfurt preise,74635829293,Bad Mergentheim,20171117,1,2952
/Sport & Fitness/Sport/Fußball,fussball kaufen,28209044397,Reutlingen,20170116,1,2952
/Sport & Fitness/Sport/Fußball,kraftsport,4198863603,Sigmaringen,20170107,1,2952
/Sport & Fitness/Sport/Fußball,galileo fitness vibrationsplatte,11300841489,Karlsruhe,20170220,1,2952
/Sport & Fitness/Sport/Fußball,fitness tracker wasserdicht,94615475553,Stuttgart,20171204,1,2952
/Sport & Fitness/Sport/Fußball,fussball live sport,15439623616,Bietigheim-Bissingen,20170107,1,2952
/Sport & Fitness/Sport/Fußball,crivit sports,19209310792,Wendlingen,20170103,1,2952
/Sport & Fitness/Sport/Fußball,fitness armband schwimmen,93367042088,Horb am Neckar,20170119,1,2952
/Sport & Fitness/Sport/Fußball,handball training,35433824237,Ludwigsburg,20171116,1,2952
/Sport & Fitness/Sport/Fußball,fussball kaufen,28209044397,Hockenheim,20170101,1,2952
/Sport & Fitness/Sport/Fußball,bogen sport welt,32111918957,Gerstetten,20171128,1,2952
/Sport & Fitness/Sport/Fußball,galileo fitness vibrationsplatte,11300841489,Ellwangen,20170207,1,2952
/Sport & Fitness/Sport/Fußball,gewichtsball handball,43284391664,Offenburg,20170210,1,2952
/Sport & Fitness/Sport/Fußball,bodybuilder bekleidung,12657235270,Reutlingen,20171213,1,2952
/Sport & Fitness/Sport/Fußball,kinder fussball training,5542592708,Berlin,20171022,1,2952
/Sport & Fitness/Sport/Fußball,kinder basketball,33987353585,Mannheim,20170108,1,2952
/Sport & Fitness/Sport/Fußball,basketball ball test,45783149544,Heidelberg,20171019,1,2952
/Sport & Fitness/Sport/Fußball,fitness programm,124873232,Regensburg,20171030,1,2952
/Sport & Fitness/Sport/Fußball,basketball ball test,56011818245,Donaueschingen,20171113,1,2952
/Sport & Fitness/Sport/Fußball,fussball turnierplan,56596288900,Herbrechtingen,20170306,1,2952
/Sport & Fitness/Sport/Fußball,fitness stangen,301600536383,Laupheim,20171022,1,2952
/Sport & Fitness/Sport/Fußball,ingoldstadt fussball,355203734138,Pforzheim,20171027,1,2952
/Sport & Fitness/Sport/Fußball,fitness studio renningen,29180230782,Karlsruhe,20171012,1,2952
/Sport & Fitness/Sport/Fußball,fussball ausstattung,33302923902,Eberbach,20170829,1,2952
/Sport & Fitness/Sport/Fußball,gym10 fitness stuttgart,209384482572,Filderstadt,20171226,1,2952
/Sport & Fitness/Sport/Fußball,fitness halle,2183605174,Stuttgart,20171101,1,2952
/Sport & Fitness/Sport/Fußball,handball training,480733453,Reutlingen,20171115,1,2952
/Sport & Fitness/Sport/Fußball,fitness tracker wasserdicht,304251618412,Villingen-Schwenningen,20171130,1,2952
/Gesetz & Regierung/Militär/Marine,lepper marine shop,350501930613,Heidenheim,20171007,1,2654
/Sport & Fitness/Sport/Fußball,kraftsport,135686461,Mannheim,20170121,1,2952
/Sport & Fitness/Sport/Fußball,buxtehude basketball,302220710529,Ludwigsburg,20171210,1,2952
/Sport & Fitness/Sport/Fußball,jumping fitness kempten,127048566296,Bad Liebenzell,20170117,1,2952
/Sport & Fitness/Sport/Fußball,bilder sportler,44631316104,Geislingen,20170123,1,2952
/Sport & Fitness/Sport/Fußball,handball weisheiten,169919911219,Karlsruhe,20170118,1,2952
/Sport & Fitness/Sport/Fußball,haha sport,44441975269,Offenburg,20170214,1,2952
/Sport & Fitness/Sport/Fußball,fitness halle,326074627124,Munich,20171101,1,2952
/Sport & Fitness/Sport/Fußball,handball weisheiten,169919911219,Grenzach-Wyhlen,20171229,1,2952
/Sport & Fitness/Sport/Fußball,adventkalender fussball,32332470591,Mannheim,20171112,1,2952
/Sport & Fitness/Sport/Fußball,handball weisheiten,312497011403,Eberbach,20171129,1,2952
/Sport & Fitness/Sport/Fußball,aroha sport,65464793772,Kirchheim unter Teck,20170105,1,2952
/Sport & Fitness/Sport/Fußball,fussball turnierplan,3220944409,Karlsruhe,20170305,1,2952
/Sport & Fitness/Sport/Fußball,handball weisheiten,169919911219,Munich,20171118,1,2952
/Sport & Fitness/Sport/Fußball,adventkalender fussball,32332470591,Waldshut-Tiengen,20171203,1,2952
/Sport & Fitness/Sport/Fußball,fussball live sport,355796831519,Stuttgart,20171217,1,2952
/Sport & Fitness/Sport/Fußball,adventkalender fussball,32332470591,Neresheim,20171203,2,2952
/Sport & Fitness/Sport/Fußball,kinder basketball,299338341333,Zell,20171106,1,2952
/Sport & Fitness/Sport/Fußball,naish sport,359369853743,Isny im Allgau,20171205,1,2952
/Sport & Fitness/Sport/Fußball,crivit sports shop,302889435528,Mannheim,20171106,1,2952
/Sport & Fitness/Sport/Fußball,decathlon fahrrad kinder,332433526444,Munich,20171012,3,2952
/Sport & Fitness/Sport/Fußball,bodybuilder bekleidung,299870596214,Gaggenau,20171120,1,2952
/Sport & Fitness/Sport/Fußball,johnreed fitness,255948376309,Waiblingen,20171216,1,2952
/Sport & Fitness/Sport/Fußball,basketball bilder,45299019805,Alfdorf,20170201,1,2952
/Sport & Fitness/Sport/Fußball,crivit sports,22688005068,Konigs Wusterhausen,20170213,1,2952
/Sport & Fitness/Sport/Fußball,functional fitness stuttgart,121103872107,Stuttgart,20171222,1,2952
/Sport & Fitness/Sport/Fußball,fitness stangen,331280484863,Stutensee,20171122,1,2952
/Sport & Fitness/Sport/Fußball,haha sport,30786182431,Heidelberg,20170422,1,2952
/Sport & Fitness/Sport/Fußball,fussball ausstattung,33302923902,Neckarsulm,20171118,1,2952
/Sport & Fitness/Sport/Fußball,fitness butterfly,295346035620,Mannheim,20171207,3,2952
/Sport & Fitness/Sport/Fußball,jumping fitness kempten,127048566296,Ravensburg,20171225,1,2952
/Sport & Fitness/Sport/Fußball,fussball trainingsbedarf,296840989380,Backnang,20171028,1,2952
/Sport & Fitness/Sport/Fußball,fussball turnierplan,3220944409,Lauda-Konigshofen,20170405,1,2952
/Sport & Fitness/Sport/Fußball,crivit sports shop,302889435528,Stuttgart,20171105,1,2952
/Sport & Fitness/Sport/Fußball,kinder basketball,819218199,Tauberbischofsheim,20171119,1,2952
/Sport & Fitness/Sport/Fußball,bodybuilder bekleidung,299870596214,Grenzach-Wyhlen,20171207,1,2952
/Sport & Fitness/Sport/Fußball,kraftsport,135686461,Kirchheim unter Teck,20170302,1,2952
/Sport & Fitness/Sport/Fußball,besaitungsmaschine tennis test,23313109409,Bad Krozingen,20171210,1,2952
/Sport & Fitness/Sport/Fußball,crivit sports,19209310792,Friedrichshafen,20170208,1,2952
/Sport & Fitness/Sport/Fußball,jumping fitness kempten,92883093404,Waldshut-Tiengen,20171219,1,2952
/Sport & Fitness/Sport/Fußball,auto motor und sport,129964870,Backnang,20171026,1,2952
/Sport & Fitness/Sport/Fußball,bodybuilding motivation,332850153031,Karlsruhe,20171214,1,2952
/Sport & Fitness/Sport/Fußball,hodenschutz fussball,300549212283,Ludwigsburg,20171230,1,2952
/Sport & Fitness/Sport/Fußball,crivit sports,16635810672,Mannheim,20170201,1,2952
/Sport & Fitness/Sport/Fußball,kinder sport,460219556,Schwetzingen,20171023,1,2952
/Sport & Fitness/Sport/Fußball,kinder basketball,299338341333,Malsch,20171113,1,2952
/Sport & Fitness/Sport/Fußball,kraftsport handschuhe,36795127657,Karlsruhe,20170218,1,2952
/Sport & Fitness/Sport/Fußball,johnreed fitness,353280922973,Heidelberg,20171106,1,2952
/Sport & Fitness/Sport/Fußball,jumping fitness aschaffenburg,84166737936,Balingen,20170706,1,2952
/Sport & Fitness/Sport/Fußball,jumping fitness kempten,127048566296,Leonberg,20170912,1,2952
/Sport & Fitness/Sportwaren/Golfausrüstung/Golfclubs,golfclub vilsbiburg,3138186229,Munich,20170427,1,2894
/Sport & Fitness/Sport/Fußball,gym10 fitness stuttgart,209384482572,Rottweil,20171027,1,2952
/Sport & Fitness/Sport/Fußball,fitness club,10414980,Stuttgart,20171008,1,2952
/Sport & Fitness/Sport/Fußball,kraftsport,328407226964,Leinfelden-Echterdingen,20171231,1,2952
/Sport & Fitness/Sport/Fußball,haha sport,44441975269,Villingen-Schwenningen,20170811,1,2952
/Sport & Fitness/Sport/Fußball,bodybuilding motivation,172262589,Albstadt,20171020,1,2952
/Sport & Fitness/Sport/Fußball,bilder sportler,901663622,Steinheim am Albuch,20170814,1,2952
/Sport & Fitness/Sport/Fußball,jumping fitness aschaffenburg,84166737936,Bamberg,20171211,1,2952
/Sport & Fitness/Sport/Fußball,kinder fussball training,5542592708,Stuttgart,20171015,1,2952
/Sport & Fitness/Sport/Fußball,crivit sports,19209310792,Singen,20170131,1,2952
/Sport & Fitness/Sport/Fußball,bodybuilding motivation,295891595659,Rottenburg,20171031,1,2952
"/Hobbies & Freizeit/Spielzeug & Spiele/Spiele/Videospiele, Konsolen & Zubehör/Videospielmods & Konsolenreparatur",fussballl spiele,303260448845,Munich,20171120,1,2224
/Sport & Fitness/Sport/Fußball,fitness northeim,109701337995,Asperg,20170110,1,2952
/Fahrzeuge/Boote & Wasserfahrzeuge/Flöße,bootsgetriebe,4650398643,Poing,20170128,1,3081
/Sport & Fitness/Sport/Fußball,fitness hirschau,59333431570,Schorndorf,20171128,1,2952
/Sport & Fitness/Sport/Fußball,fitness rostock,29575034109,Ludwigsburg,20170108,1,2952
/Sport & Fitness/Sport/Fußball,kinder basketball,819218199,Sindelfingen,20171127,1,2952
/Sport & Fitness/Sport/Fußball,hansson sport shop,24961676798,Nurtingen,20171230,1,2952
/Sport & Fitness/Sport/Fußball,aroha sport,65464804572,Hornberg,20170209,1,2952
/Sport & Fitness/Sport/Fußball,kinder sport,295481750550,Mannheim,20171022,1,2952
/Sport & Fitness/Sport/Fußball,hodenschutz fussball,355379578756,Singen,20171111,3,2952
/Sport & Fitness/Sport/Fußball,fitness trainingsplan erstellen,299900248965,Bad Urach,20171230,1,2952
/Sport & Fitness/Sport/Fußball,kinder basketball,8484762194,Stuttgart,20171125,1,2952
/Sport & Fitness/Sport/Fußball,bilder sportler,901663622,Kempten,20170509,1,2952
/Sport & Fitness/Sport/Fußball,fussball turnierplan,3220944409,Ravensburg,20170419,1,2952
/Sport & Fitness/Sport/Fußball,matte sport,24156090181,Stuttgart,20170131,1,2952
/Sport & Fitness/Sport/Fußball,kinder fussball training,5542592708,Heilbronn,20171012,1,2952
/Sport & Fitness/Sport/Fußball,basketball trikots kinder,301655589255,Albstadt,20171128,1,2952
/Sport & Fitness/Sport/Fußball,kinder kampfsport,1242036909,Forchheim,20170919,1,2952
/Sport & Fitness/Sport/Fußball,aroha sport,65464793772,Achern,20170209,1,2952
/Sport & Fitness/Sport/Fußball,ktm macina sport 2016,304083779663,Wangen im Allgau,20171011,1,2952
/Sport & Fitness/Sport/Fußball,fitness test,10418242,Karlsruhe,20171215,1,2952
/Sport & Fitness/Sport/Fußball,ktm macina sport 2016,304083779663,Bietigheim-Bissingen,20171011,1,2952
/Sport & Fitness/Sport/Fußball,hodenschutz fussball,355379578756,Eppelheim,20171111,2,2952
/Sport & Fitness/Sport/Fußball,hansson sport shop,36894799019,Abensberg,20171223,1,2952
/Sport & Fitness/Sport/Fußball,handball taktiktafel,41106482837,Alfdorf,20170211,1,2952
/Sport & Fitness/Sport/Fußball,handball taktiktafel,3054289081,Niedereschach,20171116,1,2952
/Sport & Fitness/Sport/Fußball,matte sport,2629754063,Schorndorf,20170105,1,2952
/Sport & Fitness/Sport/Fußball,kinder basketball,299338341333,Weil der Stadt,20171105,1,2952
/Sport & Fitness/Sport/Fußball,fitness gummiband,13828515272,Tuttlingen,20170117,1,2952
/Sport & Fitness/Sport/Fußball,hodenschutz fussball,355379578756,Gerstetten,20171111,1,2952
/Sport & Fitness/Sport/Fußball,frauen fitness berlin reinickendorf,51102335561,Mannheim,20170307,1,2952
/Sport & Fitness/Sport/Fußball,diamant elan sport 2016,134793451971,Karlsruhe,20170205,1,2952
/Sport & Fitness/Sport/Fußball,kinder basketball,819218199,Eningen,20170907,1,2952
/Sport & Fitness/Sport/Fußball,manager fussball spiele,3256269913,Sindelfingen,20171201,1,2952
/Sport & Fitness/Sport/Fußball,basketball literatur,355050738871,Villingen-Schwenningen,20171029,1,2952
/Sport & Fitness/Sport/Fußball,fitness trainingsplan erstellen,10878460941,Leimen,20171119,1,2952
/Sport & Fitness/Sport/Fußball,jumping fitness kempten,92883093404,Heilbronn,20171111,1,2952
/Sport & Fitness/Sport/Fußball,fussball live sport,355796831519,Nagold,20171121,1,2952
/Sport & Fitness/Sport/Fußball,fitness dillenburg,3176186933,Albstadt,20170306,1,2952
/Sport & Fitness/Sport/Fußball,crivit sports,22688005068,Aschaffenburg,20170215,1,2952
/Sport & Fitness/Sport/Fußball,fussball turnierplan,3220944409,Ludwigsburg,20170305,1,2952
/Sport & Fitness/Sport/Fußball,bilder sportler,901663622,Pforzheim,20170817,1,2952
/Sport & Fitness/Sport/Fußball,fitness test,10418242,Mosbach,20171001,1,2952
/Sport & Fitness/Sport/Fußball,lemon sport fussball,82037596042,Singen,20171212,1,2952
/Kunst und Unterhaltung/Filme und Filme/Familien- & Kinderfilme,kinderyoga figuren,177464802738,Nuremberg,20170202,1,179
/Sport & Fitness/Sport/Fußball,fussball turnierplan,3220944409,Bayreuth,20170312,1,2952
/Sport & Fitness/Sport/Fußball,aroha sport,65464804572,Mannheim,20170208,1,2952
/Sport & Fitness/Sport/Fußball,crivit sports,22688005068,Riedlingen,20170215,1,2952
/Sport & Fitness/Sport/Fußball,kinder sport,460219556,Karlsruhe,20170108,1,2952
/Sport & Fitness/Sport/Fußball,fitness bootcamp erfahrungen,108861441883,Albstadt,20170102,1,2952
/Sport & Fitness/Sport/Fußball,bilder sportler,901663622,Tauberbischofsheim,20170820,1,2952
/Sport & Fitness/Sport/Fußball,haha sport,297683058937,Stuttgart,20171120,1,2952
/Sport & Fitness/Sport/Fußball,biathlon training,966770986,Karlsruhe,20170114,1,2952
/Sport & Fitness/Sport/Fußball,crivit sports,19209310792,Villingen-Schwenningen,20170331,1,2952
/Sport & Fitness/Sport/Fußball,fitness gummiband,6138793770,Ispringen,20171129,1,2952
/Sport & Fitness/Sport/Fußball,fussball fanartikel shop,16928179304,Stuttgart,20170124,1,2952
/Sport & Fitness/Sport/Fußball,haha sport,297683058937,Fellbach,20171005,1,2952
/Sport & Fitness/Sport/Fußball,handball torwand,31017923569,Lauda-Konigshofen,20170208,2,2952
/Sport & Fitness/Sport/Fußball,fitness dillenburg,3176186933,Sindelfingen,20171229,1,2952
/Sport & Fitness/Sport/Fußball,fussball turnierplan,3220944409,Wiesloch,20170616,1,2952
/Sport & Fitness/Sport/Fußball,jumping fitness trainer,149786566607,Ravensburg,20170925,1,2952
/Sport & Fitness/Sport/Fußball,kinder sport,300352961,Villingen-Schwenningen,20171123,1,2952
/Sport & Fitness/Sport/Fußball,kraft sport,2885716764,Bad Rappenau,20170128,1,2952
/Sport & Fitness/Sport/Fußball,bekleidung motorsport,41292830572,Ulm,20170116,1,2952
/Sport & Fitness/Sport/Fußball,gutschein sportshop triathlon,57405196371,Mannheim,20171205,1,2952
/Sport & Fitness/Sport/Fußball,horizon sport,332089448617,Albstadt,20171030,1,2952
/Sport & Fitness/Sport/Fußball,fitness test,10418242,Leutkirch im Allgau,20171120,1,2952
/Sport & Fitness/Sport/Fußball,fitness mahlzeiten,72098767605,Stuttgart,20171122,1,2952
/Sport & Fitness/Sport/Fußball,fussball turnierplan,3220944409,Stuttgart,20170628,1,2952
/Sport & Fitness/Sport/Fußball,fussball fanbekleidung,2551548136,Mannheim,20171023,1,2952
/Sport & Fitness/Sport/Fußball,fitness mainz hechtsheim,57856227994,Freiburg,20170105,1,2952
/Sport & Fitness/Sport/Fußball,kinder fussball training,5542592708,Munich,20171120,1,2952
/Sport & Fitness/Sport/Fußball,bekleidung motorsport,2762052194,Backnang,20171023,1,2952
/Sport & Fitness/Sport/Fußball,horizon sport,332089448617,Filderstadt,20171030,1,2952
/Sport & Fitness/Sport/Fußball,biathlon training,46935540,Heilbronn,20170104,1,2952
/Sport & Fitness/Sport/Fußball,kraft sport,2885757744,Radolfzell,20170208,1,2952
/Sport & Fitness/Sport/Fußball,fussball live sport,296674895260,Mannheim,20171204,1,2952
/Sport & Fitness/Sport/Fußball,fussball bundesliega,804104362,Nurtingen,20171011,1,2952
/Sport & Fitness/Sport/Fußball,fussball ausstecher,352891501182,Weil am Rhein,20171105,1,2952
/Sport & Fitness/Sport/Fußball,fussball bundesliega,388151163077,Eggenstein-Leopoldshafen,20171030,1,2952
/Sport & Fitness/Sport/Fußball,athletic sport boost,280523394234,Haigerloch,20170120,1,2952
/Sport & Fitness/Sport/Fußball,fussball live sport,15439623616,Filderstadt,20170205,1,2952
/Sport & Fitness/Sport/Fußball,kinder sport,21668824630,Ettlingen,20171123,1,2952
/Sport & Fitness/Sport/Fußball,fitness mahlzeiten,364583968477,Stuttgart,20171013,3,2952
/Sport & Fitness/Sport/Fußball,fussball spielball,12165910416,Freudenstadt,20170128,1,2952
/Sport & Fitness/Sport/Fußball,biathlon training,966796606,Stuttgart,20170128,1,2952
/Sport & Fitness/Sport/Fußball,handball bundesliga spielplan,28208794409,Aalen,20170202,1,2952
/Sport & Fitness/Sport/Fußball,kraft sport,2885757744,Berlin,20170207,1,2952
/Sport & Fitness/Sport/Fußball,fussball spielball,3925887699,Filderstadt,20171105,1,2952
/Sport & Fitness/Sport/Fußball,fussball scherzartikel,34205289344,Mannheim,20170522,1,2952
/Sport & Fitness/Sportartikelverleih/Vermietung von Boots- und Schiffsfahrzeugen,kraft sport,2885757744,Berlin,20170207,1,2973
/Sport & Fitness/Sport/Fußball,kinder kampfsport,43997171104,Filderstadt,20171204,1,2952
/Sport & Fitness/Sport/Fußball,motorsport handschuhe,299702113179,Schwedt,20171027,1,2952
/Sport & Fitness/Sport/Fußball,handball bundesliga spielplan,28208794409,Steinheim an der Murr,20170628,1,2952
/Sport & Fitness/Sport/Fußball,aroha sport,27821331736,Weissenburg in Bayern,20170314,1,2952
/Sport & Fitness/Sport/Fußball,biathlon training,966770986,Bad Friedrichshall,20170124,1,2952
/Sport & Fitness/Sport/Fußball,fitness personal trainers,137765158,Welzheim,20171227,1,2952
/Sport & Fitness/Sport/Fußball,infruition sport trinkflasche,224168443744,Garching,20170315,1,2952
/Sport & Fitness/Sport/Fußball,handball bundesliga spielplan,986573391,Sigmaringen,20170622,1,2952
/Sport & Fitness/Sport/Fußball,kraftsport,4198863603,Schramberg,20171103,1,2952
/Sport & Fitness/Sport/Fußball,handball bundesliga spielplan,986573391,Fellbach,20170712,2,2952
/Sport & Fitness/Sport/Fußball,handball bundesliga spielplan,986573391,Lorrach,20170712,2,2952
/Sport & Fitness/Sport/Fußball,handball bundesliga spielplan,986573391,Offenburg,20170712,1,2952
/Sport & Fitness/Sport/Fußball,handball bundesliga spielplan,986573391,Steinheim an der Murr,20170712,1,2952
/Sport & Fitness/Sport/Fußball,bilder sportler,901663622,Erding,20171114,1,2952
/Sport & Fitness/Sport/Fußball,handball bundesliga spielplan,986573391,Stuttgart,20170712,1,2952
/Sport & Fitness/Sport/Fußball,fitness rottenburg,3239797973,Lahr,20170209,1,2952
/Sport & Fitness/Sport/Fußball,frauen fitness cosel,15262889296,Ostfildern,20171024,1,2952
/Sport & Fitness/Sport/Fußball,handball bundesliga spielplan,986573391,Offenburg,20170711,2,2952
/Sport & Fitness/Sport/Fußball,handball bundesliga spielplan,986573391,Reutlingen,20170711,1,2952
/Sport & Fitness/Sport/Fußball,handball bundesliga spielplan,986573391,Sigmaringen,20170711,1,2952
/Sport & Fitness/Sport/Fußball,arena sport 3,22527402473,Goppingen,20170219,2,2952
/Sport & Fitness/Sport/Fußball,fussball sachen kaufen,62934153885,Weinheim,20171126,1,2952
/Sport & Fitness/Sport/Fußball,aroha sport,27821331736,Berlin,20170311,1,2952
/Sport & Fitness/Sport/Fußball,fitness studio meerbusch,324050822105,Waldshut-Tiengen,20171106,1,2952
/Sport & Fitness/Sport/Fußball,kraftsport,4198863603,Munich,20171120,1,2952
/Sport & Fitness/Sport/Fußball,handball bundesliga spielplan,986573391,Heidelberg,20170710,1,2952
/Sport & Fitness/Sport/Fußball,handball bundesliga spielplan,986573391,Stuttgart,20170710,1,2952
/Sport & Fitness/Sport/Fußball,handball bundesliga spielplan,986573391,Winnenden,20170710,1,2952
/Sport & Fitness/Sport/Fußball,fussball turnierplan,3220944409,Herrenberg,20170605,1,2952
/Sport & Fitness/Sport/Fußball,fitness bonlanden,60575594376,Filderstadt,20170815,1,2952
/Sport & Fitness/Sport/Fußball,handball bundesliga spielplan,28208794409,Crailsheim,20170702,1,2952
/Sport & Fitness/Sport/Fußball,handball bundesliga spielplan,986573391,Tuttlingen,20170718,2,2952
/Sport & Fitness/Sport/Fußball,handball bundesliga spielplan,986573391,Ebersbach an der Fils,20170717,1,2952
/Sport & Fitness/Sport/Fußball,biathlon training,966770986,Mannheim,20170122,1,2952
